{
  "n_train": 72109,
  "n_test": 18028,
  "linreg_cv": {
    "mae_mean": 4.824247151571957,
    "mae_std": 0.03445848622259021,
    "rmse_mean": 7.147979745873111,
    "rmse_std": 0.11017657126066384,
    "mae_folds": [
      4.877352873301549,
      4.797503166497226,
      4.778271043358823,
      4.8271509456692785,
      4.840957729032907
    ]
  },
  "median_cv": {
    "mae_mean": 5.634734481874483,
    "mae_std": 0.06981240574159557,
    "rmse_mean": 8.644977702434801,
    "rmse_std": 0.13981418780630608,
    "mae_folds": [
      5.707460823741506,
      5.611565663569547,
      5.51719595063098,
      5.633962002496187,
      5.703487968934193
    ]
  },
  "olist_estimator_cv": {
    "mae_mean": 12.679470298398696,
    "mae_std": 0.048601812676238185,
    "rmse_mean": 14.59516912200949,
    "rmse_std": 0.04818982201982778,
    "mae_folds": [
      12.65843849674109,
      12.738940507557897,
      12.72389405075579,
      12.672860906947719,
      12.603217529990985
    ]
  },
  "median_test": {
    "mae": 5.603450188595518,
    "rmse": 8.634618354316242
  },
  "olist_estimator_test": {
    "mae": 12.628189483026404,
    "rmse": 14.534563978093102
  },
  "olist_bias_mean_days_full": 11.489699013723554,
  "target_mean_full": 11.434094766854898
}